{
    "54491c4f4bdc2db1078b4568": {
        "name": "",
        "value": 28
    },
    "5af04b6486f774195a3ebb49": {
        "name": "",
        "value": 25
    },
    "5fc3e272f8b6a877a729eac5": {
        "name": "",
        "value": 28
    },
    "5d5d646386f7742797261fd9": {
        "name": "",
        "value": 20
    },
    "5c0e3eb886f7742015526062": {
        "name": "",
        "value": 15
    },
    "5c0e446786f7742013381639": {
        "name": "",
        "value": 15
    },
    "591c4efa86f7741030027726": {
        "name": "",
        "value": 10
    },
    "5947db3f86f77447880cf76f": {
        "name": "",
        "value": 10
    },
    "5c82342f2e221644f31c060e": {
        "name": "",
        "value": 10
    },
    "576fd4ec2459777f0b518431": {
        "name": "",
        "value": 5
    },
    "5c82343a2e221644f31c0611": {
        "name": "",
        "value": 5
    },
    "5448fee04bdc2dbc018b4567": {
        "name": "",
        "value": 10
    },
    "590c661e86f7741e566b646a": {
        "name": "",
        "value": 5
    },
    "5cc9c20cd7f00c001336c65d": {
        "name": "",
        "value": 10
    },
    "570fd721d2720bc5458b4596": {
        "name": "",
        "value": 10
    },
    "5d2c76ed48f03532f2136169": {
        "name": "",
        "value": 3
    },
    "5a9fbb74a2750c0032157181": {
        "name": "",
        "value": 5
    },
    "5c0672ed0db834001b7353f3": {
        "name": "",
        "value": 5
    },
    "5c0673fb0db8340023300271": {
        "name": "",
        "value": 3
    },
    "57ffa9f4245977728561e844": {
        "name": "",
        "value": 10
    },
    "5cadc2e0ae9215051e1c21e7": {
        "name": "",
        "value": 3
    },
    "55d459824bdc2d892f8b4573": {
        "name": "",
        "value": 3
    },
    "637f57b78d137b27f70c496a": {
        "name": "",
        "value": 3
    },
    "5c87ca002e221600114cb150": {
        "name": "",
        "value": 7
    },
    "5a718b548dc32e000d46d262": {
        "name": "",
        "value": 3
    },
    "5a718da68dc32e000d46d264": {
        "name": "",
        "value": 3
    },
    "59984ab886f7743e98271174": {
        "name": "",
        "value": 7
    },
    "59e6687d86f77411d949b251": {
        "name": "",
        "value": 7
    },
    "609b9e31506cf869cf3eaf41": {
        "name": "",
        "value": 10
    },
    "55d484b44bdc2d1d4e8b456d": {
        "name": "",
        "value": 10
    },
    "5ea034f65aad6446a939737e": {
        "name": "",
        "value": 10
    },
    "5ea034eb5aad6446a939737b": {
        "name": "",
        "value": 7
    },
    "5ea03f7400685063ec28bfa8": {
        "name": "",
        "value": 10
    },
    "5a7c4850e899ef00150be885": {
        "name": "",
        "value": 10
    },
    "5aa7cfc0e5b5b00015693143": {
        "name": "",
        "value": 10
    },
    "5448ff904bdc2d6f028b456e": {
        "name": "",
        "value": 2
    },
    "574eb85c245977648157eec3": {
        "name": "",
        "value": 2
    },
    "587df583245977373c4f1129": {
        "name": "",
        "value": 5
    },
    "5c94bbff86f7747ee735c08f": {
        "name": "",
        "value": 5
    },
    "59ccfdba86f7747f2109a587": {
        "name": "",
        "value": 5
    },
    "544a5cde4bdc2d39388b456b": {
        "name": "",
        "value": 5
    },
    "5ca20d5986f774331e7c9602": {
        "name": "",
        "value": 4
    },
    "56dee2bdd2720bc8328b4567": {
        "name": "",
        "value": 3
    },
    "5a7828548dc32e5a9c28b516": {
        "name": "",
        "value": 3
    },
    "5e870397991fd70db46995c8": {
        "name": "",
        "value": 3
    },
    "5648ac824bdc2ded0b8b457d": {
        "name": "",
        "value": 3
    },
    "57dc2fa62459775949412633": {
        "name": "",
        "value": 5
    },
    "583990e32459771419544dd2": {
        "name": "",
        "value": 5
    },
    "5839a40f24597726f856b511": {
        "name": "",
        "value": 5
    },
    "57d14d2524597714373db789": {
        "name": "",
        "value": 3
    },
    "57f3c6bd24597738e730fa2f": {
        "name": "",
        "value": 3
    },
    "5909d4c186f7746ad34e805a": {
        "name": "",
        "value": 4
    },
    "590c60fc86f77412b13fddcf": {
        "name": "",
        "value": 8
    },
    "59fb023c86f7746d0d4b423c": {
        "name": "",
        "value": 18
    },
    "59fb042886f7746c5005a7b2": {
        "name": "",
        "value": 6
    },
    "5aafbcd986f7745e590fff23": {
        "name": "",
        "value": 9
    },
    "5aafbde786f774389d0cbc0f": {
        "name": "",
        "value": 18
    },
    "5b6d9ce188a4501afc1b2b25": {
        "name": "",
        "value": 18
    },
    "5c0a840b86f7742ffa4f2482": {
        "name": "",
        "value": 18
    },
    "5c127c4486f7745625356c13": {
        "name": "",
        "value": 12
    },
    "5e2af55f86f7746d4159f07c": {
        "name": "",
        "value": 12
    },
    "619cbf7d23893217ec30b689": {
        "name": "",
        "value": 6
    },
    "56dfef82d2720bbd668b4567": {
        "name": "",
        "value": 150
    },
    "56dff026d2720bb8668b4567": {
        "name": "",
        "value": 350
    },
    "56dff061d2720bb5668b4567": {
        "name": "",
        "value": 350
    },
    "5737292724597765e5728562": {
        "name": "",
        "value": 35
    },
    "57372a7f24597766fe0de0c1": {
        "name": "",
        "value": 35
    },
    "57372ac324597767001bc261": {
        "name": "",
        "value": 35
    },
    "57372b832459776701014e41": {
        "name": "",
        "value": 35
    },
    "57372bad245977670b7cd242": {
        "name": "",
        "value": 35
    },
    "57372bd3245977670b7cd243": {
        "name": "",
        "value": 35
    },
    "57372c21245977670937c6c2": {
        "name": "",
        "value": 35
    },
    "57372c56245977685e584582": {
        "name": "",
        "value": 35
    },
    "57372c89245977685d4159b1": {
        "name": "",
        "value": 35
    },
    "57372d1b2459776862260581": {
        "name": "",
        "value": 26
    },
    "57372d4c245977685a3da2a1": {
        "name": "",
        "value": 26
    },
    "57372db0245977685d4159b2": {
        "name": "",
        "value": 26
    },
    "56dff2ced2720bb4668b4567": {
        "name": "",
        "value": 260
    },
    "56dff3afd2720bba668b4567": {
        "name": "",
        "value": 220
    },
    "54527a984bdc2d4e668b4567": {
        "name": "",
        "value": 260
    },
    "5447ac644bdc2d6c208b4567": {
        "name": "",
        "value": 26
    },
    "54527ac44bdc2d36668b4567": {
        "name": "",
        "value": 260
    },
    "5d6e6806a4b936088465b17e": {
        "name": "",
        "value": 19
    },
    "5d6e6911a4b9361bd5780d52": {
        "name": "",
        "value": 19
    },
    "5d6e68a8a4b9360b6c0d54e2": {
        "name": "",
        "value": 11
    },
    "59e0d99486f7744a32234762": {
        "name": "",
        "value": 13
    }
}